month,churned,risk_category,active_customers,transactions,total_amount,group_customers
2023-01-01,False,High (> 0.30),3205,6162,26118441300,4624
2023-01-01,False,Low (<0.20),19265,203075,785597337200,23366
2023-01-01,False,Medium (0.20-0.30),7719,19384,62320553600,10456
2023-01-01,True,High (> 0.30),3159,5851,21183463600,4262
2023-01-01,True,Low (<0.20),2191,5763,19147407200,2689
2023-01-01,True,Medium (0.20-0.30),2600,5406,17519606250,3326
2023-02-01,False,High (> 0.30),3159,6104,23860873900,4624
2023-02-01,False,Low (<0.20),19217,202530,767913380750,23366
2023-02-01,False,Medium (0.20-0.30),7673,19259,60588888050,10456
2023-02-01,True,High (> 0.30),3130,5809,20228557400,4262
2023-02-01,True,Low (<0.20),2211,5619,18796308300,2689
2023-02-01,True,Medium (0.20-0.30),2629,5366,16687401650,3326
2023-03-01,False,High (> 0.30),3351,6787,27666615100,4624
2023-03-01,False,Low (<0.20),19769,224520,878093906700,23366
2023-03-01,False,Medium (0.20-0.30),8062,21405,68663273100,10456
2023-03-01,True,High (> 0.30),3288,6449,22996690200,4262
2023-03-01,True,Low (<0.20),2271,6328,21452290100,2689
2023-03-01,True,Medium (0.20-0.30),2663,6042,19065920100,3326
2023-04-01,False,High (> 0.30),3298,6522,27452530000,4624
2023-04-01,False,Low (<0.20),19658,217461,834904075950,23366
2023-04-01,False,Medium (0.20-0.30),7846,20698,66610414650,10456
2023-04-01,True,High (> 0.30),3217,6173,23179673500,4262
2023-04-01,True,Low (<0.20),2298,6207,20983446150,2689
2023-04-01,True,Medium (0.20-0.30),2627,5678,17335189000,3326
2023-05-01,False,High (> 0.30),3265,6666,26580566750,4624
2023-05-01,False,Low (<0.20),19802,224770,861029581650,23366
2023-05-01,False,Medium (0.20-0.30),8072,21717,69771232650,10456
2023-05-01,True,High (> 0.30),3296,6465,22576590600,4262
2023-05-01,True,Low (<0.20),2302,6340,21271939400,2689
2023-05-01,True,Medium (0.20-0.30),2686,5990,19527418450,3326
2023-06-01,False,High (> 0.30),3299,6682,36734624850,4624
2023-06-01,False,Low (<0.20),19599,217516,1100381734050,23366
2023-06-01,False,Medium (0.20-0.30),7947,20871,88400236600,10456
2023-06-01,True,High (> 0.30),3267,6252,30634190800,4262
2023-06-01,True,Low (<0.20),2250,6206,26115385400,2689
2023-06-01,True,Medium (0.20-0.30),2661,5768,23471566950,3326
2023-07-01,False,High (> 0.30),3346,6703,27087385750,4624
2023-07-01,False,Low (<0.20),19855,225247,860485848400,23366
2023-07-01,False,Medium (0.20-0.30),8009,21872,69454215400,10456
2023-07-01,True,High (> 0.30),3336,6562,23536643700,4262
2023-07-01,True,Low (<0.20),2289,6250,20885193700,2689
2023-07-01,True,Medium (0.20-0.30),2678,6018,19471427650,3326
2023-08-01,False,High (> 0.30),3505,7146,38502551700,4624
2023-08-01,False,Low (<0.20),19485,224512,1118087369300,23366
2023-08-01,False,Medium (0.20-0.30),8068,21438,88887819500,10456
2023-08-01,True,High (> 0.30),3380,6525,29939590000,4262
2023-08-01,True,Low (<0.20),2267,6328,27113880950,2689
2023-08-01,True,Medium (0.20-0.30),2708,5988,24660440650,3326
2023-09-01,False,High (> 0.30),3651,7030,27781832550,4624
2023-09-01,False,Low (<0.20),19237,218079,851525781050,23366
2023-09-01,False,Medium (0.20-0.30),7910,20229,66079871450,10456
2023-09-01,True,High (> 0.30),3319,6368,22871472600,4262
2023-09-01,True,Low (<0.20),2239,6111,20656358850,2689
2023-09-01,True,Medium (0.20-0.30),2636,5622,18363293550,3326
2023-10-01,False,High (> 0.30),3739,7818,27850803450,4624
2023-10-01,False,Low (<0.20),21290,232733,889192127750,23366
2023-10-01,False,Medium (0.20-0.30),8868,24291,78785520000,10456
2023-10-01,True,High (> 0.30),1821,2291,7580179800,4262
2023-10-01,True,Low (<0.20),1789,3136,10466959400,2689
2023-10-01,True,Medium (0.20-0.30),1927,2704,8892454800,3326
2023-11-01,False,High (> 0.30),3681,7426,26706163050,4624
2023-11-01,False,Low (<0.20),21143,224727,871608330950,23366
2023-11-01,False,Medium (0.20-0.30),8739,23253,76335694150,10456
2023-11-01,True,High (> 0.30),1652,2063,6547663950,4262
2023-11-01,True,Low (<0.20),1781,3040,10180736950,2689
2023-11-01,True,Medium (0.20-0.30),1889,2618,8506254500,3326
2023-12-01,False,High (> 0.30),3618,7235,26383447100,4624
2023-12-01,False,Low (<0.20),21028,217538,843948340900,23366
2023-12-01,False,Medium (0.20-0.30),8621,22825,74829044850,10456
2023-12-01,True,High (> 0.30),1656,2078,7497192550,4262
2023-12-01,True,Low (<0.20),1716,2878,10033419100,2689
2023-12-01,True,Medium (0.20-0.30),1893,2634,9252946800,3326
